bacteria,rhos
f__Veillonellaceae,-0.24924462399194952
f__Gemellaceae,0.19899534977951353
