,Healthy,Allergic
Healthy,0.4021978021978022,0.1912087912087912
Allergic,0.14835164835164835,0.25824175824175827
acc,0.6604395604395605,
