,Healthy,Allergic
Healthy,0.37252747252747254,0.2208791208791209
Allergic,0.12967032967032968,0.27692307692307694
acc,0.6494505494505495,
