bacteria,rhos
f__Veillonellaceae,-0.20368328881785255
f__Gemellaceae,0.15161633543645134
