,Healthy,Allergic
Healthy,0.1409090909090909,0.05454545454545454
Allergic,0.15,0.6545454545454545
acc,0.7954545454545454,
