bacteria,rhos
g__Blautia,-1.7129698787015541
g__Alistipes,-1.5408679807092867
g__Scardovia,0.5496218926052674
f__Rs-045,0.5598129970472668
