,no anxiety,anxiety
no anxiety,0.3788235294117647,0.2611764705882353
anxiety,0.26823529411764707,0.09176470588235293
acc,0.47058823529411764,
