,Healthy,Allergic
Healthy,0.3538461538461538,0.23736263736263735
Allergic,0.12087912087912087,0.28791208791208783
acc,0.6417582417582417,
