,no internalizing disorder,internalizing disorder
no internalizing disorder,0.3552036199095022,0.29638009049773756
internalizing disorder,0.1583710407239819,0.1900452488687783
acc,0.5452488687782805,
