,Healthy,Allergic
Healthy,0.13793103448275862,0.055172413793103454
Allergic,0.10344827586206896,0.7034482758620689
acc,0.8413793103448275,
