,Healthy,Allergic
Healthy,0.367032967032967,0.2032967032967033
Allergic,0.13186813186813187,0.2978021978021978
acc,0.6648351648351648,
