,no anxiety,anxiety
no anxiety,0.3176470588235294,0.3670588235294117
anxiety,0.13411764705882354,0.1811764705882353
acc,0.49882352941176467,
