,Healthy,Allergic
Healthy,0.39670329670329674,0.1967032967032967
Allergic,0.13956043956043956,0.26703296703296703
acc,0.6637362637362638,
