,Healthy,Allergic
Healthy,0.3626373626373626,0.23076923076923078
Allergic,0.12197802197802197,0.2846153846153846
acc,0.6472527472527472,
