,No Response,Response
No Response,0.33452380952380956,0.2392857142857143
Response,0.11904761904761904,0.30714285714285716
acc,0.6416666666666667,
