,no anxiety,anxiety
no anxiety,0.28941176470588237,0.36
anxiety,0.20470588235294115,0.14588235294117646
acc,0.43529411764705883,
