,no anxiety,anxiety
no anxiety,0.2564705882352941,0.371764705882353
anxiety,0.08470588235294117,0.28705882352941176
acc,0.5435294117647058,
