,no anxiety,anxiety
no anxiety,0.4635294117647059,0.12705882352941178
anxiety,0.3529411764705883,0.05647058823529413
acc,0.52,
