,no anxiety,anxiety
no anxiety,0.26352941176470585,0.36470588235294116
anxiety,0.08941176470588236,0.2823529411764706
acc,0.5458823529411765,
