,no anxiety,anxiety
no anxiety,0.26588235294117646,0.38588235294117645
anxiety,0.20470588235294115,0.14352941176470588
acc,0.40941176470588236,
