bacteria,rhos
f__Neisseriaceae,-0.09142578688712388
g__Butyrivibrio,-0.08395554341603106
c__Alphaproteobacteria,0.17498841931421805
o__HA64,0.17498841931421805
