,Healthy,Allergic
Healthy,0.3868131868131868,0.2065934065934066
Allergic,0.13846153846153847,0.2681318681318681
acc,0.654945054945055,
