bacteria,rhos
g__Catonella,-0.1202945588417103
g__Chryseobacterium,-0.08607371638148727
f__Ruminococcaceae,0.10815925691632138
f__Lachnospiraceae,0.12756508914122272
