,Healthy,Allergic
Healthy,0.13448275862068965,0.0896551724137931
Allergic,0.18275862068965518,0.593103448275862
acc,0.7275862068965517,
