,Other,Milk
Other,0.44750000000000006,0.24250000000000002
Milk,0.11250000000000002,0.19750000000000004
acc,0.6450000000000001,
