,Healthy,Allergic
Healthy,0.35604395604395606,0.23736263736263738
Allergic,0.11758241758241758,0.28901098901098904
acc,0.6450549450549451,
