,no anxiety,anxiety
no anxiety,0.45647058823529413,0.45411764705882357
anxiety,0.05176470588235294,0.03764705882352941
acc,0.49411764705882355,
