,Healthy,Allergic
Healthy,0.12727272727272726,0.06363636363636363
Allergic,0.20454545454545456,0.6045454545454546
acc,0.7318181818181819,
