,no anxiety,anxiety
no anxiety,0.40470588235294114,0.4988235294117647
anxiety,0.06588235294117646,0.030588235294117645
acc,0.4352941176470588,
