,Healthy,Allergic
Healthy,0.3901098901098901,0.2032967032967033
Allergic,0.12967032967032968,0.27692307692307694
acc,0.6670329670329671,
