,Healthy,Allergic
Healthy,0.38571428571428573,0.20769230769230768
Allergic,0.13956043956043956,0.26703296703296703
acc,0.6527472527472528,
