,Healthy,Allergic
Healthy,0.3769230769230769,0.21648351648351646
Allergic,0.13626373626373628,0.27032967032967037
acc,0.6472527472527473,
