,Healthy,Allergic
Healthy,0.36153846153846153,0.23186813186813188
Allergic,0.13956043956043956,0.26703296703296703
acc,0.6285714285714286,
