,no anxiety,anxiety
no anxiety,0.3576470588235294,0.5529411764705882
anxiety,0.061176470588235284,0.028235294117647056
acc,0.38588235294117645,
