,Healthy,Allergic
Healthy,0.38571428571428573,0.20769230769230768
Allergic,0.14065934065934066,0.26593406593406593
acc,0.6516483516483517,
