,no anxiety,anxiety
no anxiety,0.651764705882353,0.23529411764705888
anxiety,0.05647058823529413,0.05647058823529413
acc,0.7082352941176472,
