,control,exposed
control,0.1990950226244344,0.14479638009049772
exposed,0.33031674208144796,0.3257918552036199
acc,0.5248868778280543,
