,no anxiety,anxiety
no anxiety,0.26588235294117646,0.3247058823529412
anxiety,0.12705882352941175,0.2823529411764706
acc,0.548235294117647,
