,no anxiety,anxiety
no anxiety,0.24941176470588236,0.4
anxiety,0.19529411764705884,0.15529411764705883
acc,0.4047058823529412,
