,no anxiety,anxiety
no anxiety,0.4588235294117647,0.43058823529411766
anxiety,0.08470588235294117,0.02588235294117647
acc,0.48470588235294115,
