,control,exposed
control,0.20361990950226244,0.167420814479638
exposed,0.251131221719457,0.3778280542986426
acc,0.581447963800905,
