,Healthy,Allergic
Healthy,0.1724137931034483,0.04827586206896552
Allergic,0.13103448275862067,0.6482758620689656
acc,0.8206896551724139,
