,Healthy,Allergic
Healthy,0.3956043956043956,0.1978021978021978
Allergic,0.14285714285714285,0.26373626373626374
acc,0.6593406593406593,
