bacteria,rhos
g__Catonella,-0.35284427322175094
g__Blautia,-0.29149465878084024
f__Lachnospiraceae,0.22474474847793863
g__Peptoniphilus,0.23114710659819793
