,no internalizing disorder,internalizing disorder
no internalizing disorder,0.38461538461538464,0.2669683257918552
internalizing disorder,0.1334841628959276,0.21493212669683256
acc,0.5995475113122172,
