,Healthy,Allergic
Healthy,0.3747252747252747,0.21868131868131865
Allergic,0.12967032967032968,0.27692307692307694
acc,0.6516483516483517,
