,Healthy,Allergic
Healthy,0.38131868131868135,0.21208791208791208
Allergic,0.15054945054945054,0.2560439560439561
acc,0.6373626373626374,
