,Healthy,Allergic
Healthy,0.3901098901098901,0.2032967032967033
Allergic,0.12857142857142856,0.27802197802197803
acc,0.6681318681318682,
