,Healthy,Allergic
Healthy,0.36153846153846153,0.23186813186813188
Allergic,0.13516483516483518,0.2714285714285714
acc,0.6329670329670329,
