bacteria,rhos
f__F16,-0.21825426384442995
f__Mycoplasmataceae,0.19146058776863972
