,Healthy,Allergic
Healthy,0.3945054945054945,0.19890109890109892
Allergic,0.13846153846153847,0.2681318681318681
acc,0.6626373626373626,
