,Healthy,Allergic
Healthy,0.3868131868131868,0.2065934065934066
Allergic,0.14725274725274726,0.25934065934065936
acc,0.6461538461538462,
