,Healthy,Allergic
Healthy,0.3868131868131868,0.2065934065934066
Allergic,0.12197802197802197,0.2846153846153846
acc,0.6714285714285715,
