,no anxiety,anxiety
no anxiety,0.52,0.36941176470588233
anxiety,0.05176470588235294,0.05882352941176471
acc,0.5788235294117647,
