,no anxiety,anxiety
no anxiety,0.4823529411764706,0.42117647058823526
anxiety,0.06117647058823529,0.03529411764705882
acc,0.5176470588235295,
