,no anxiety,anxiety
no anxiety,0.5576470588235294,0.33176470588235296
anxiety,0.08235294117647057,0.02823529411764706
acc,0.5858823529411764,
