bacteria,rhos
f__[Tissierellaceae],-0.468692090733651
f__p-2534-18B5,-0.46869209073364954
c__Alphaproteobacteria,0.5322099333821417
o__HA64,0.5322099333821417
