,Healthy,Allergic
Healthy,0.13103448275862067,0.07241379310344828
Allergic,0.15517241379310345,0.6413793103448276
acc,0.7724137931034483,
