,no anxiety,anxiety
no anxiety,0.3411764705882353,0.31058823529411766
anxiety,0.1858823529411765,0.1623529411764706
acc,0.5035294117647059,
