,no anxiety,anxiety
no anxiety,0.2988235294117647,0.6141176470588235
anxiety,0.054117647058823534,0.03294117647058823
acc,0.33176470588235296,
