,no anxiety,anxiety
no anxiety,0.40705882352941175,0.5011764705882353
anxiety,0.06352941176470588,0.02823529411764706
acc,0.43529411764705883,
