,Healthy,Allergic
Healthy,0.3626373626373626,0.23076923076923078
Allergic,0.14065934065934066,0.26593406593406593
acc,0.6285714285714286,
