,no anxiety,anxiety
no anxiety,0.5223529411764706,0.40470588235294114
anxiety,0.03529411764705882,0.03764705882352941
acc,0.5599999999999999,
