,no anxiety,anxiety
no anxiety,0.44705882352941173,0.468235294117647
anxiety,0.03294117647058823,0.05176470588235294
acc,0.49882352941176467,
