,no anxiety,anxiety
no anxiety,0.4447058823529412,0.46588235294117647
anxiety,0.04470588235294118,0.04470588235294118
acc,0.4894117647058823,
