,no anxiety,anxiety
no anxiety,0.4258823529411765,0.4682352941176471
anxiety,0.05411764705882354,0.05176470588235295
acc,0.4776470588235294,
