,no anxiety,anxiety
no anxiety,0.24941176470588236,0.4188235294117647
anxiety,0.1623529411764706,0.16941176470588235
acc,0.4188235294117647,
