,no anxiety,anxiety
no anxiety,0.6964705882352941,0.19058823529411764
anxiety,0.07764705882352942,0.03529411764705882
acc,0.7317647058823529,
