,Healthy,Allergic
Healthy,0.3747252747252747,0.21868131868131865
Allergic,0.13296703296703297,0.2736263736263736
acc,0.6483516483516483,
