,no internalizing disorder,internalizing disorder
no internalizing disorder,0.3597285067873303,0.36199095022624433
internalizing disorder,0.16289592760180996,0.11538461538461539
acc,0.4751131221719457,
