,No Response,Response
No Response,0.3238095238095238,0.2523809523809524
Response,0.10952380952380951,0.3142857142857143
acc,0.638095238095238,
