,Healthy,Allergic
Healthy,0.38131868131868135,0.21208791208791208
Allergic,0.15164835164835166,0.2549450549450549
acc,0.6362637362637362,
