,no anxiety,anxiety
no anxiety,0.44941176470588234,0.43529411764705883
anxiety,0.08235294117647057,0.03294117647058823
acc,0.4823529411764706,
