,Healthy,Allergic
Healthy,0.1206896551724138,0.06551724137931034
Allergic,0.16896551724137931,0.6448275862068965
acc,0.7655172413793103,
