,no anxiety,anxiety
no anxiety,0.5505882352941176,0.34117647058823525
anxiety,0.08470588235294116,0.02352941176470588
acc,0.5741176470588235,
