,no anxiety,anxiety
no anxiety,0.39294117647058824,0.5152941176470588
anxiety,0.05647058823529412,0.03529411764705882
acc,0.42823529411764705,
