,Healthy,Allergic
Healthy,0.3945054945054945,0.19890109890109892
Allergic,0.14065934065934066,0.26593406593406593
acc,0.6604395604395604,
