,Milk,Tree_nut,Peanut,Sesame
Milk,0.2333333333333333,0.075,0.049999999999999996,0.008333333333333333
Tree_nut,0.049999999999999996,0.09166666666666667,0.049999999999999996,0.049999999999999996
Peanut,0.08333333333333333,0.06666666666666667,0.06666666666666667,0.016666666666666666
Sesame,0.049999999999999996,0.041666666666666664,0.024999999999999998,0.041666666666666664
