,no anxiety,anxiety
no anxiety,0.5976470588235293,0.30588235294117644
anxiety,0.07058823529411763,0.025882352941176467
acc,0.6235294117647058,
