,no anxiety,anxiety
no anxiety,0.5223529411764707,0.36705882352941177
anxiety,0.05882352941176472,0.05176470588235295
acc,0.5741176470588236,
