,control,exposed
control,0.21719457013574658,0.15384615384615383
exposed,0.25113122171945695,0.3778280542986425
acc,0.5950226244343891,
