,Healthy,Allergic
Healthy,0.11379310344827585,0.06896551724137931
Allergic,0.11034482758620691,0.7068965517241379
acc,0.8206896551724138,
