,no anxiety,anxiety
no anxiety,0.30588235294117644,0.35058823529411764
anxiety,0.14588235294117644,0.1976470588235294
acc,0.5035294117647058,
