,Healthy,Allergic
Healthy,0.3901098901098901,0.2032967032967033
Allergic,0.13846153846153847,0.2681318681318681
acc,0.6582417582417582,
