,no anxiety,anxiety
no anxiety,0.45176470588235296,0.44235294117647056
anxiety,0.08,0.02588235294117647
acc,0.4776470588235294,
