,no anxiety,anxiety
no anxiety,0.26352941176470585,0.4023529411764706
anxiety,0.13411764705882354,0.2
acc,0.46352941176470586,
