bacteria,rhos
f__[Tissierellaceae],-0.21526828679253457
f__p-2534-18B5,-0.2152682867925339
c__Alphaproteobacteria,0.41096018870533907
o__HA64,0.41096018870533907
