,no anxiety,anxiety
no anxiety,0.3270588235294118,0.3458823529411765
anxiety,0.15764705882352945,0.16941176470588237
acc,0.49647058823529416,
