,child,mother
child,0.414027149321267,0.0927601809954751
mother,0.2828054298642534,0.21040723981900453
acc,0.6244343891402715,
