,no anxiety,anxiety
no anxiety,0.411764705882353,0.21647058823529414
anxiety,0.29411764705882354,0.07764705882352942
acc,0.4894117647058824,
