,Healthy,Allergic
Healthy,0.3945054945054945,0.19890109890109892
Allergic,0.14725274725274726,0.25934065934065936
acc,0.6538461538461539,
