,no anxiety,anxiety
no anxiety,0.4988235294117647,0.388235294117647
anxiety,0.08941176470588236,0.023529411764705882
acc,0.5223529411764706,
