,Healthy,Allergic
Healthy,0.3769230769230769,0.21648351648351646
Allergic,0.12197802197802197,0.2846153846153846
acc,0.6615384615384615,
