,no anxiety,anxiety
no anxiety,0.29882352941176477,0.6047058823529412
anxiety,0.05411764705882354,0.04235294117647059
acc,0.34117647058823536,
