,no anxiety,anxiety
no anxiety,0.1670588235294118,0.5176470588235295
anxiety,0.12705882352941175,0.18823529411764706
acc,0.35529411764705887,
