,no anxiety,anxiety
no anxiety,0.3035294117647059,0.36470588235294116
anxiety,0.10117647058823528,0.23058823529411765
acc,0.5341176470588236,
