,no anxiety,anxiety
no anxiety,0.4023529411764706,0.491764705882353
anxiety,0.03764705882352941,0.06823529411764706
acc,0.47058823529411764,
