,no anxiety,anxiety
no anxiety,0.5976470588235294,0.28
anxiety,0.10823529411764707,0.01411764705882353
acc,0.611764705882353,
