,No Response,Response
No Response,0.28674698795180725,0.3397590361445783
Response,0.0819277108433735,0.29156626506024097
acc,0.5783132530120483,
