,Healthy,Allergic
Healthy,0.3714285714285714,0.22197802197802197
Allergic,0.13956043956043956,0.26703296703296703
acc,0.6384615384615384,
