bacteria,rhos
g__Bilophila,-0.4948822295354135
g__Alloiococcus,-0.2934513642859056
g__Proteus,0.5570726684752616
g__Dialister,0.6416971484680859
