,No Response,Response
No Response,0.3416666666666667,0.21785714285714286
Response,0.13333333333333333,0.30714285714285716
acc,0.6488095238095238,
