,no anxiety,anxiety
no anxiety,0.19529411764705884,0.47294117647058825
anxiety,0.15294117647058825,0.17882352941176471
acc,0.37411764705882355,
