,Healthy,Allergic
Healthy,0.4032967032967033,0.19010989010989013
Allergic,0.13406593406593406,0.27252747252747256
acc,0.6758241758241759,
