,no anxiety,anxiety
no anxiety,0.23764705882352943,0.43764705882352944
anxiety,0.15764705882352942,0.1670588235294118
acc,0.40470588235294125,
