,no anxiety,anxiety
no anxiety,0.39529411764705885,0.49411764705882355
anxiety,0.02823529411764706,0.08235294117647057
acc,0.4776470588235294,
