,no anxiety,anxiety
no anxiety,0.2564705882352941,0.40470588235294114
anxiety,0.16941176470588235,0.16941176470588235
acc,0.4258823529411765,
