,Milk,Tree_nut,Peanut,Sesame
Milk,0.13333333333333333,0.041666666666666664,0.06666666666666667,0.024999999999999998
Tree_nut,0.09999999999999999,0.05833333333333333,0.09166666666666667,0.016666666666666666
Peanut,0.049999999999999996,0.05833333333333333,0.09166666666666667,0.10833333333333334
Sesame,0.041666666666666664,0.016666666666666666,0.05833333333333333,0.041666666666666664
