,No Response,Response
No Response,0.32976190476190476,0.23333333333333334
Response,0.125,0.3119047619047619
acc,0.6416666666666666,
