,Healthy,Allergic
Healthy,0.35824175824175825,0.23516483516483516
Allergic,0.13186813186813187,0.27472527472527475
acc,0.6329670329670329,
