,no anxiety,anxiety
no anxiety,0.3552941176470588,0.5411764705882353
anxiety,0.028235294117647056,0.07529411764705882
acc,0.4305882352941176,
