,no anxiety,anxiety
no anxiety,0.35058823529411764,0.5529411764705882
anxiety,0.06352941176470588,0.03294117647058823
acc,0.3835294117647059,
