bacteria,rhos
g__Bilophila,-0.449034604740328
g__Proteus,0.5244419510014187
g__Dialister,0.5592600365107894
