,no anxiety,anxiety
no anxiety,0.5647058823529412,0.3294117647058823
anxiety,0.06117647058823529,0.04470588235294118
acc,0.6094117647058823,
