,no anxiety,anxiety
no anxiety,0.3035294117647059,0.33647058823529413
anxiety,0.10352941176470588,0.2564705882352941
acc,0.56,
