,Healthy,Allergic
Healthy,0.36043956043956044,0.23296703296703297
Allergic,0.14725274725274726,0.25934065934065936
acc,0.6197802197802198,
