,Healthy,Allergic
Healthy,0.38461538461538464,0.2087912087912088
Allergic,0.14285714285714285,0.26373626373626374
acc,0.6483516483516484,
