,Healthy,Allergic
Healthy,0.3835164835164835,0.2098901098901099
Allergic,0.15054945054945054,0.2560439560439561
acc,0.6395604395604395,
