,no anxiety,anxiety
no anxiety,0.26352941176470585,0.388235294117647
anxiety,0.20470588235294115,0.14352941176470588
acc,0.4070588235294117,
