,Healthy,Allergic
Healthy,0.3637362637362638,0.22967032967032966
Allergic,0.13076923076923078,0.27582417582417584
acc,0.6395604395604396,
