,No Response,Response
No Response,0.3493975903614458,0.2674698795180723
Response,0.1493975903614458,0.23373493975903611
acc,0.5831325301204819,
