,no anxiety,anxiety
no anxiety,0.5610859728506787,0.3959276018099548
anxiety,0.03619909502262443,0.006787330316742082
acc,0.5678733031674208,
