,Healthy,Allergic
Healthy,0.378021978021978,0.2153846153846154
Allergic,0.13956043956043956,0.26703296703296703
acc,0.645054945054945,
