bacteria,rhos
f__Veillonellaceae,-0.09861926000683549
f__Gemellaceae,0.06743308274741229
