,no anxiety,anxiety
no anxiety,0.6588235294117646,0.22823529411764706
anxiety,0.05882352941176471,0.054117647058823534
acc,0.7129411764705881,
