,Healthy,Allergic
Healthy,0.13448275862068965,0.06206896551724138
Allergic,0.22413793103448276,0.5793103448275863
acc,0.7137931034482758,
