,no anxiety,anxiety
no anxiety,0.28470588235294114,0.3835294117647059
anxiety,0.1858823529411765,0.14588235294117646
acc,0.4305882352941176,
