,Healthy,Allergic
Healthy,0.3901098901098901,0.2032967032967033
Allergic,0.13186813186813187,0.27472527472527475
acc,0.6648351648351649,
