,no anxiety,anxiety
no anxiety,0.6470588235294118,0.30995475113122173
anxiety,0.04072398190045249,0.002262443438914027
acc,0.6493212669683258,
