,Healthy,Allergic
Healthy,0.3956043956043956,0.1978021978021978
Allergic,0.13956043956043956,0.26703296703296703
acc,0.6626373626373626,
