,Healthy,Allergic
Healthy,0.14482758620689656,0.06896551724137931
Allergic,0.22413793103448276,0.5620689655172414
acc,0.7068965517241379,
