,Healthy,Allergic
Healthy,0.3747252747252747,0.21868131868131865
Allergic,0.12857142857142856,0.27802197802197803
acc,0.6527472527472528,
