,no anxiety,anxiety
no anxiety,0.28470588235294114,0.36470588235294116
anxiety,0.08941176470588236,0.2611764705882353
acc,0.5458823529411765,
