,No Response,Response
No Response,0.32142857142857145,0.2464285714285714
Response,0.13452380952380955,0.2976190476190476
acc,0.6190476190476191,
