bacteria,rhos
k__Bacteria,-0.1486070506900368
c__Alphaproteobacteria,0.16628484782288844
