,Healthy,Allergic
Healthy,0.1482758620689655,0.05172413793103448
Allergic,0.1724137931034483,0.6275862068965516
acc,0.7758620689655171,
