,no anxiety,anxiety
no anxiety,0.3035294117647059,0.35294117647058826
anxiety,0.21411764705882352,0.12941176470588237
acc,0.4329411764705883,
