,Healthy,Allergic
Healthy,0.3901098901098901,0.2032967032967033
Allergic,0.15274725274725276,0.2538461538461539
acc,0.643956043956044,
