,no anxiety,anxiety
no anxiety,0.5035294117647059,0.4000000000000001
anxiety,0.044705882352941186,0.05176470588235295
acc,0.5552941176470588,
