,no anxiety,anxiety
no anxiety,0.2564705882352941,0.3835294117647059
anxiety,0.09411764705882353,0.26588235294117646
acc,0.5223529411764706,
