,No Response,Response
No Response,0.3397590361445783,0.25060240963855424
Response,0.12289156626506023,0.28674698795180725
acc,0.6265060240963856,
