,Healthy,Allergic
Healthy,0.3791208791208791,0.23076923076923078
Allergic,0.13736263736263737,0.25274725274725274
acc,0.6318681318681318,
