,no anxiety,anxiety
no anxiety,0.5011764705882353,0.39529411764705885
anxiety,0.047058823529411764,0.05647058823529412
acc,0.5576470588235295,
