,No Response,Response
No Response,0.3590361445783133,0.21927710843373494
Response,0.13493975903614458,0.28674698795180725
acc,0.6457831325301205,
