,Milk,Tree_nut,Peanut,Sesame
Milk,0.16666666666666666,0.03333333333333333,0.03333333333333333,0.03333333333333333
Tree_nut,0.03333333333333333,0.09166666666666667,0.06666666666666667,0.03333333333333333
Peanut,0.06666666666666667,0.075,0.15,0.024999999999999998
Sesame,0.008333333333333333,0.049999999999999996,0.09999999999999999,0.03333333333333333
