,Healthy,Allergic
Healthy,0.39890109890109887,0.1945054945054945
Allergic,0.15824175824175823,0.24835164835164836
acc,0.6472527472527472,
