,Healthy,Allergic
Healthy,0.12727272727272726,0.05454545454545454
Allergic,0.17727272727272728,0.6409090909090909
acc,0.7681818181818181,
