,Milk,Tree_nut,Peanut,Sesame
Milk,0.14166666666666664,0.06666666666666667,0.03333333333333333,0.0
Tree_nut,0.08333333333333331,0.06666666666666667,0.03333333333333333,0.0
Peanut,0.15,0.04166666666666666,0.20833333333333331,0.0
Sesame,0.06666666666666667,0.04166666666666666,0.06666666666666667,0.0
