,no anxiety,anxiety
no anxiety,0.31058823529411766,0.6047058823529412
anxiety,0.042352941176470586,0.042352941176470586
acc,0.35294117647058826,
