,Healthy,Allergic
Healthy,0.1517241379310345,0.06551724137931034
Allergic,0.1724137931034483,0.6103448275862069
acc,0.7620689655172415,
