,Healthy,Allergic
Healthy,0.36043956043956044,0.23296703296703297
Allergic,0.13076923076923078,0.27582417582417584
acc,0.6362637362637362,
