,Healthy,Allergic
Healthy,0.13636363636363635,0.05909090909090909
Allergic,0.16363636363636364,0.6409090909090909
acc,0.7772727272727272,
