,no anxiety,anxiety
no anxiety,0.5529411764705883,0.32235294117647056
anxiety,0.08705882352941176,0.03764705882352941
acc,0.5905882352941176,
