bacteria,rhos
f__Peptostreptococcaceae,-0.20164132031031237
g__Moraxella,-0.17747450494167147
g__Lactobacillus,0.17559214933581765
g__Brachymonas,0.18474085925527173
