,no anxiety,anxiety
no anxiety,0.42588235294117643,0.21411764705882352
anxiety,0.28705882352941176,0.07294117647058823
acc,0.49882352941176467,
