bacteria,rhos
g__Catonella,-0.36886187837678486
g__Blautia,-0.3044456723734071
f__Lachnospiraceae,0.23964647289433008
g__Peptoniphilus,0.24133119400049688
