,no anxiety,anxiety
no anxiety,0.2823529411764706,0.35764705882352943
anxiety,0.1858823529411765,0.17411764705882352
acc,0.4564705882352941,
