,Healthy,Allergic
Healthy,0.15,0.07727272727272727
Allergic,0.1590909090909091,0.6136363636363636
acc,0.7636363636363637,
