,Healthy,Allergic
Healthy,0.3637362637362638,0.22967032967032966
Allergic,0.13516483516483518,0.2714285714285714
acc,0.6351648351648351,
