,Healthy,Allergic
Healthy,0.3769230769230769,0.21648351648351646
Allergic,0.13406593406593406,0.27252747252747256
acc,0.6494505494505495,
