,no anxiety,anxiety
no anxiety,0.4235294117647059,0.21647058823529414
anxiety,0.2823529411764706,0.07764705882352942
acc,0.5011764705882353,
