,Healthy,Allergic
Healthy,0.3714285714285714,0.22197802197802197
Allergic,0.15604395604395604,0.25054945054945055
acc,0.621978021978022,
