,No Response,Response
No Response,0.34216867469879514,0.27228915662650605
Response,0.11566265060240963,0.26987951807228916
acc,0.6120481927710844,
