,no internalizing disorder,internalizing disorder
no internalizing disorder,0.1900452488687783,0.29411764705882354
internalizing disorder,0.28054298642533937,0.23529411764705882
acc,0.42533936651583715,
