,no anxiety,anxiety
no anxiety,0.3317647058823529,0.308235294117647
anxiety,0.2564705882352941,0.10352941176470587
acc,0.4352941176470588,
