,no anxiety,anxiety
no anxiety,0.2611764705882353,0.4094117647058823
anxiety,0.08235294117647057,0.24705882352941178
acc,0.5082352941176471,
