,Milk,Tree_nut,Peanut,Sesame
Milk,0.15,0.06666666666666667,0.049999999999999996,0.041666666666666664
Tree_nut,0.06666666666666667,0.075,0.08333333333333333,0.024999999999999998
Peanut,0.09999999999999999,0.041666666666666664,0.13333333333333333,0.049999999999999996
Sesame,0.03333333333333333,0.016666666666666666,0.03333333333333333,0.03333333333333333
