,Healthy,Allergic
Healthy,0.1206896551724138,0.09655172413793103
Allergic,0.18620689655172415,0.596551724137931
acc,0.7172413793103448,
