,no internalizing disorder,internalizing disorder
no internalizing disorder,0.23755656108597287,0.24660633484162897
internalizing disorder,0.30316742081447967,0.21266968325791855
acc,0.4502262443438914,
