bacteria,rhos
g__Bilophila,-0.1247891017771886
g__Proteus,0.15854283729242535
g__TG5,0.16294620304777552
