,Healthy,Allergic
Healthy,0.13793103448275862,0.04482758620689655
Allergic,0.13103448275862067,0.6862068965517241
acc,0.8241379310344827,
