,no anxiety,anxiety
no anxiety,0.3058823529411765,0.3670588235294117
anxiety,0.20705882352941177,0.12
acc,0.4258823529411765,
