bacteria,rhos
f__[Tissierellaceae],-0.4196324299916827
f__p-2534-18B5,-0.4196324299916812
c__Alphaproteobacteria,0.5048759380534193
o__HA64,0.5048759380534193
