,control,exposed
control,0.19683257918552036,0.14705882352941177
exposed,0.33710407239819007,0.31900452488687786
acc,0.5158371040723982,
