,Healthy,Allergic
Healthy,0.3626373626373626,0.23076923076923078
Allergic,0.13626373626373628,0.27032967032967037
acc,0.6329670329670329,
