,No Response,Response
No Response,0.3493975903614458,0.23614457831325303
Response,0.12289156626506023,0.29156626506024097
acc,0.6409638554216868,
