,Healthy,Allergic
Healthy,0.38131868131868135,0.21208791208791208
Allergic,0.15384615384615385,0.25274725274725274
acc,0.634065934065934,
