,no anxiety,anxiety
no anxiety,0.36941176470588233,0.5458823529411765
anxiety,0.023529411764705882,0.06117647058823529
acc,0.4305882352941176,
