,no anxiety,anxiety
no anxiety,0.3341176470588236,0.26823529411764707
anxiety,0.24470588235294116,0.15294117647058825
acc,0.4870588235294118,
