,no anxiety,anxiety
no anxiety,0.411764705882353,0.48470588235294115
anxiety,0.042352941176470586,0.06117647058823529
acc,0.47294117647058825,
