,no anxiety,anxiety
no anxiety,0.5270588235294117,0.3552941176470588
anxiety,0.05647058823529412,0.06117647058823529
acc,0.588235294117647,
