,Healthy,Allergic
Healthy,0.18275862068965518,0.041379310344827586
Allergic,0.15517241379310345,0.6206896551724138
acc,0.803448275862069,
