,Healthy,Allergic
Healthy,0.3714285714285714,0.22197802197802197
Allergic,0.15274725274725276,0.2538461538461539
acc,0.6252747252747253,
