,no anxiety,anxiety
no anxiety,0.21882352941176472,0.42823529411764705
anxiety,0.1858823529411765,0.1670588235294118
acc,0.3858823529411765,
