,Healthy,Allergic
Healthy,0.37032967032967035,0.2230769230769231
Allergic,0.11978021978021978,0.28681318681318685
acc,0.6571428571428573,
