,no anxiety,anxiety
no anxiety,0.4894117647058823,0.41411764705882353
anxiety,0.06117647058823529,0.03529411764705882
acc,0.5247058823529411,
