,no anxiety,anxiety
no anxiety,0.5035294117647059,0.3835294117647059
anxiety,0.08941176470588236,0.023529411764705882
acc,0.5270588235294118,
