,no anxiety,anxiety
no anxiety,0.31529411764705884,0.3411764705882353
anxiety,0.08941176470588236,0.2541176470588235
acc,0.5694117647058823,
