,no anxiety,anxiety
no anxiety,0.39529411764705885,0.49411764705882355
anxiety,0.07764705882352942,0.03294117647058823
acc,0.4282352941176471,
