,no anxiety,anxiety
no anxiety,0.5035294117647059,0.4
anxiety,0.03529411764705882,0.06117647058823529
acc,0.5647058823529412,
