,Healthy,Allergic
Healthy,0.40439560439560435,0.189010989010989
Allergic,0.14835164835164835,0.25824175824175827
acc,0.6626373626373626,
