,Healthy,Allergic
Healthy,0.35714285714285715,0.23626373626373626
Allergic,0.12857142857142856,0.27802197802197803
acc,0.6351648351648351,
