,no anxiety,anxiety
no anxiety,0.5529411764705883,0.32235294117647056
anxiety,0.06823529411764706,0.05647058823529412
acc,0.6094117647058824,
