,control,exposed
control,0.19683257918552036,0.14705882352941177
exposed,0.33031674208144796,0.3257918552036199
acc,0.5226244343891403,
