,control,exposed
control,0.2194570135746606,0.1515837104072398
exposed,0.25113122171945695,0.3778280542986425
acc,0.5972850678733032,
