bacteria,rhos
f__Peptostreptococcaceae,-0.18217488571041146
g__Moraxella,-0.1480809326295479
g__Brachymonas,0.13842954473179908
f__Rs-045,0.1396524568032606
