,no anxiety,anxiety
no anxiety,0.44941176470588234,0.17176470588235293
anxiety,0.31529411764705884,0.06352941176470588
acc,0.5129411764705882,
