bacteria,rhos
g__Methylobacterium,-0.20726835494945017
o__GMD14H09,-0.20726835494945017
f__Ruminococcaceae,0.21932085500268061
f__Lachnospiraceae,0.26756974684131146
