,Healthy,Allergic
Healthy,0.1482758620689655,0.07241379310344828
Allergic,0.12413793103448276,0.6551724137931034
acc,0.8034482758620689,
