,no anxiety,anxiety
no anxiety,0.22823529411764706,0.43764705882352944
anxiety,0.18352941176470586,0.15058823529411763
acc,0.37882352941176467,
