,child,mother
child,0.41855203619909503,0.07692307692307693
mother,0.2692307692307692,0.23529411764705882
acc,0.6538461538461539,
