bacteria,rhos
g__Catonella,-0.039981891311916117
g__Moryella,-0.03422880707134059
g__Treponema,0.07105066544532265
g__TG5,0.08085856314359577
