,no anxiety,anxiety
no anxiety,0.5505882352941177,0.36
anxiety,0.047058823529411764,0.042352941176470586
acc,0.5929411764705883,
