,no anxiety,anxiety
no anxiety,0.43529411764705883,0.48
anxiety,0.047058823529411764,0.03764705882352941
acc,0.47294117647058825,
