,no anxiety,anxiety
no anxiety,0.4258823529411765,0.4776470588235295
anxiety,0.04705882352941177,0.04941176470588236
acc,0.47529411764705887,
