,Healthy,Allergic
Healthy,0.3659340659340659,0.23516483516483516
Allergic,0.12967032967032968,0.2692307692307692
acc,0.6351648351648351,
