,Healthy,Allergic
Healthy,0.14137931034482756,0.05862068965517241
Allergic,0.13793103448275862,0.6620689655172414
acc,0.8034482758620689,
