,no anxiety,anxiety
no anxiety,0.656470588235294,0.23294117647058823
anxiety,0.06823529411764706,0.042352941176470586
acc,0.6988235294117646,
