,No Response,Response
No Response,0.32261904761904764,0.24404761904761904
Response,0.14166666666666666,0.2916666666666667
acc,0.6142857142857143,
