,Healthy,Allergic
Healthy,0.3659340659340659,0.22747252747252747
Allergic,0.15164835164835166,0.2549450549450549
acc,0.6208791208791209,
