bacteria,rhos
g__Catonella,-0.04330879027794807
f__Neisseriaceae,-0.041289949143558914
f__Lachnospiraceae,0.04210726291030719
g__Peptoniphilus,0.04522130097063898
