,no anxiety,anxiety
no anxiety,0.24941176470588236,0.42117647058823526
anxiety,0.1623529411764706,0.1670588235294118
acc,0.41647058823529415,
