,no anxiety,anxiety
no anxiety,0.39294117647058824,0.24705882352941178
anxiety,0.2541176470588235,0.10588235294117647
acc,0.4988235294117647,
