,no anxiety,anxiety
no anxiety,0.22588235294117648,0.44705882352941173
anxiety,0.17411764705882352,0.15294117647058825
acc,0.3788235294117647,
