,no anxiety,anxiety
no anxiety,0.5105882352941177,0.39294117647058824
anxiety,0.03529411764705882,0.06117647058823529
acc,0.571764705882353,
