,Healthy,Allergic
Healthy,0.09655172413793103,0.05862068965517241
Allergic,0.20689655172413793,0.6379310344827587
acc,0.7344827586206897,
