,Healthy,Allergic
Healthy,0.3549450549450549,0.23846153846153845
Allergic,0.13846153846153847,0.2681318681318681
acc,0.6230769230769231,
