,no anxiety,anxiety
no anxiety,0.17411764705882352,0.4964705882352941
anxiety,0.12705882352941175,0.20235294117647057
acc,0.3764705882352941,
