bacteria,rhos
g__Catonella,-0.21094728145120656
g__Chryseobacterium,-0.1586626022871993
f__Lachnospiraceae,0.10175319674549184
g__Peptoniphilus,0.12406501367763788
