,no anxiety,anxiety
no anxiety,0.588235294117647,0.3223529411764705
anxiety,0.061176470588235284,0.028235294117647056
acc,0.616470588235294,
