,Healthy,Allergic
Healthy,0.39890109890109887,0.1945054945054945
Allergic,0.15164835164835166,0.2549450549450549
acc,0.6538461538461537,
