,no anxiety,anxiety
no anxiety,0.3176470588235294,0.29882352941176465
anxiety,0.23529411764705882,0.14823529411764705
acc,0.4658823529411764,
