,no anxiety,anxiety
no anxiety,0.29647058823529415,0.6070588235294119
anxiety,0.05647058823529413,0.04000000000000001
acc,0.3364705882352942,
