,control,exposed
control,0.2013574660633484,0.16968325791855202
exposed,0.25113122171945695,0.3778280542986425
acc,0.5791855203619909,
