bacteria,rhos
f__Peptostreptococcaceae,-0.19998915433821712
g__Moraxella,-0.16675446452887982
g__Lactobacillus,0.15814484082144498
g__Brachymonas,0.17320777056980413
