,Healthy,Allergic
Healthy,0.36813186813186816,0.22527472527472528
Allergic,0.13406593406593406,0.27252747252747256
acc,0.6406593406593407,
