,no internalizing disorder,internalizing disorder
no internalizing disorder,0.4276018099547511,0.23755656108597287
internalizing disorder,0.15158371040723984,0.1832579185520362
acc,0.6108597285067873,
