,Healthy,Allergic
Healthy,0.16551724137931034,0.055172413793103454
Allergic,0.1482758620689655,0.6310344827586207
acc,0.7965517241379311,
