,Healthy,Allergic
Healthy,0.16896551724137931,0.06551724137931034
Allergic,0.19999999999999998,0.5655172413793103
acc,0.7344827586206896,
