,no anxiety,anxiety
no anxiety,0.5623529411764706,0.32705882352941174
anxiety,0.08470588235294117,0.02588235294117647
acc,0.5882352941176471,
