bacteria,rhos
g__Catonella,-0.31172049265554613
g__Chryseobacterium,-0.23765254755863516
f__Lachnospiraceae,0.1744246744922917
g__Peptoniphilus,0.18390856454700122
