,no anxiety,anxiety
no anxiety,0.29411764705882354,0.3341176470588236
anxiety,0.12235294117647058,0.24941176470588236
acc,0.5435294117647059,
