,no internalizing disorder,internalizing disorder
no internalizing disorder,0.41628959276018096,0.24886877828054296
internalizing disorder,0.1515837104072398,0.18325791855203616
acc,0.5995475113122171,
