,no anxiety,anxiety
no anxiety,0.26588235294117646,0.3835294117647059
anxiety,0.20470588235294115,0.14588235294117646
acc,0.4117647058823529,
