,no anxiety,anxiety
no anxiety,0.28705882352941176,0.37411764705882355
anxiety,0.18352941176470586,0.15529411764705883
acc,0.4423529411764706,
