,Healthy,Allergic
Healthy,0.13636363636363635,0.04090909090909091
Allergic,0.16818181818181818,0.6545454545454545
acc,0.7909090909090909,
