,Healthy,Allergic
Healthy,0.3659340659340659,0.22747252747252747
Allergic,0.13626373626373628,0.27032967032967037
acc,0.6362637362637362,
