,child,mother
child,0.36199095022624433,0.14479638009049772
mother,0.16515837104072398,0.32805429864253394
acc,0.6900452488687783,
