,Healthy,Allergic
Healthy,0.3824175824175824,0.210989010989011
Allergic,0.15384615384615385,0.25274725274725274
acc,0.6351648351648351,
