,Healthy,Allergic
Healthy,0.37032967032967035,0.2230769230769231
Allergic,0.12967032967032968,0.27692307692307694
acc,0.6472527472527473,
