,Healthy,Allergic
Healthy,0.3747252747252747,0.21868131868131865
Allergic,0.13186813186813187,0.27472527472527475
acc,0.6494505494505495,
