,Healthy,Allergic
Healthy,0.3747252747252747,0.21868131868131865
Allergic,0.14725274725274726,0.25934065934065936
acc,0.634065934065934,
