,no anxiety,anxiety
no anxiety,0.47294117647058825,0.42117647058823526
anxiety,0.07058823529411765,0.03529411764705882
acc,0.5082352941176471,
