,no anxiety,anxiety
no anxiety,0.6329411764705881,0.2752941176470588
anxiety,0.06588235294117646,0.025882352941176467
acc,0.6588235294117646,
