,no internalizing disorder,internalizing disorder
no internalizing disorder,0.3552036199095022,0.28054298642533937
internalizing disorder,0.18778280542986428,0.1764705882352941
acc,0.5316742081447963,
