,Healthy,Allergic
Healthy,0.37032967032967035,0.2230769230769231
Allergic,0.15494505494505495,0.25164835164835164
acc,0.621978021978022,
