,no anxiety,anxiety
no anxiety,0.49647058823529405,0.3905882352941176
anxiety,0.06352941176470588,0.04941176470588235
acc,0.5458823529411764,
