,Healthy,Allergic
Healthy,0.16551724137931034,0.05172413793103448
Allergic,0.13103448275862067,0.6517241379310345
acc,0.8172413793103448,
