,Healthy,Allergic
Healthy,0.36813186813186816,0.22527472527472528
Allergic,0.16153846153846152,0.24505494505494507
acc,0.6131868131868132,
