,no anxiety,anxiety
no anxiety,0.36941176470588233,0.27058823529411763
anxiety,0.26823529411764707,0.09176470588235293
acc,0.46117647058823524,
