,no anxiety,anxiety
no anxiety,0.31529411764705884,0.33647058823529413
anxiety,0.12470588235294118,0.22352941176470587
acc,0.5388235294117647,
