,no anxiety,anxiety
no anxiety,0.28705882352941176,0.35294117647058826
anxiety,0.08235294117647057,0.2776470588235294
acc,0.5647058823529412,
