,Healthy,Allergic
Healthy,0.37362637362637363,0.21978021978021978
Allergic,0.11868131868131869,0.2879120879120879
acc,0.6615384615384615,
