,no anxiety,anxiety
no anxiety,0.4,0.19058823529411764
anxiety,0.2541176470588235,0.15529411764705883
acc,0.5552941176470588,
