,No Response,Response
No Response,0.34285714285714286,0.23452380952380952
Response,0.14285714285714285,0.27976190476190477
acc,0.6226190476190476,
