,no anxiety,anxiety
no anxiety,0.28941176470588237,0.36
anxiety,0.11764705882352942,0.23294117647058823
acc,0.5223529411764706,
