,Healthy,Allergic
Healthy,0.38461538461538464,0.2087912087912088
Allergic,0.13076923076923078,0.27582417582417584
acc,0.6604395604395605,
