,no anxiety,anxiety
no anxiety,0.6470588235294117,0.24470588235294116
anxiety,0.06352941176470588,0.04470588235294118
acc,0.6917647058823528,
