,Healthy,Allergic
Healthy,0.3758241758241759,0.2175824175824176
Allergic,0.13846153846153847,0.2681318681318681
acc,0.643956043956044,
