,no anxiety,anxiety
no anxiety,0.3035294117647059,0.6235294117647059
anxiety,0.047058823529411764,0.02588235294117647
acc,0.32941176470588235,
