,no anxiety,anxiety
no anxiety,0.491764705882353,0.411764705882353
anxiety,0.06117647058823529,0.03529411764705882
acc,0.5270588235294118,
