,no anxiety,anxiety
no anxiety,0.4447058823529412,0.44941176470588234
anxiety,0.06823529411764706,0.03764705882352941
acc,0.4823529411764706,
