bacteria,rhos
f__Peptostreptococcaceae,-0.20184445616549648
g__Moraxella,-0.17603389946160256
g__Lactobacillus,0.17409942359499309
g__Brachymonas,0.1843636622137168
