,no anxiety,anxiety
no anxiety,0.3247058823529412,0.32705882352941174
anxiety,0.14352941176470588,0.20470588235294115
acc,0.5294117647058824,
