,Healthy,Allergic
Healthy,0.1318181818181818,0.07727272727272727
Allergic,0.16363636363636364,0.6272727272727273
acc,0.7590909090909091,
