,no anxiety,anxiety
no anxiety,0.4635294117647058,0.4329411764705882
anxiety,0.035294117647058816,0.06823529411764705
acc,0.5317647058823528,
