,Healthy,Allergic
Healthy,0.1517241379310345,0.0793103448275862
Allergic,0.17586206896551723,0.593103448275862
acc,0.7448275862068965,
