,no anxiety,anxiety
no anxiety,0.27764705882352936,0.37882352941176467
anxiety,0.11764705882352941,0.22588235294117645
acc,0.5035294117647058,
