,Healthy,Allergic
Healthy,0.3824175824175824,0.210989010989011
Allergic,0.13516483516483518,0.2714285714285714
acc,0.6538461538461537,
