,Healthy,Allergic
Healthy,0.37252747252747254,0.2208791208791209
Allergic,0.12637362637362637,0.2802197802197802
acc,0.6527472527472528,
