,no anxiety,anxiety
no anxiety,0.31529411764705884,0.3411764705882353
anxiety,0.21411764705882352,0.12941176470588237
acc,0.4447058823529412,
