,Healthy,Allergic
Healthy,0.36923076923076925,0.22417582417582416
Allergic,0.12527472527472527,0.2813186813186813
acc,0.6505494505494506,
