bacteria,rhos
g__Blautia,-0.86708801431171
g__Alistipes,-0.787654609554709
f__Rs-045,0.33345076799118495
g__Scardovia,0.4165462782432037
