,Healthy,Allergic
Healthy,0.38791208791208787,0.20549450549450549
Allergic,0.11098901098901098,0.2956043956043956
acc,0.6835164835164835,
