,Healthy,Allergic
Healthy,0.11379310344827585,0.041379310344827586
Allergic,0.24482758620689654,0.6
acc,0.7137931034482758,
