,Healthy,Allergic
Healthy,0.39230769230769236,0.2010989010989011
Allergic,0.12747252747252746,0.27912087912087913
acc,0.6714285714285715,
