,Healthy,Allergic
Healthy,0.1517241379310345,0.04482758620689655
Allergic,0.1724137931034483,0.6310344827586207
acc,0.7827586206896553,
