,Healthy,Allergic
Healthy,0.1586206896551724,0.06896551724137931
Allergic,0.16551724137931034,0.606896551724138
acc,0.7655172413793104,
