,no anxiety,anxiety
no anxiety,0.3835294117647059,0.5058823529411764
anxiety,0.02823529411764706,0.08235294117647057
acc,0.46588235294117647,
