,no anxiety,anxiety
no anxiety,0.4117647058823529,0.49647058823529405
anxiety,0.06352941176470588,0.028235294117647056
acc,0.44,
