,Milk,Tree_nut,Peanut,Sesame
Milk,0.19166666666666665,0.049999999999999996,0.05833333333333333,0.008333333333333333
Tree_nut,0.10833333333333334,0.049999999999999996,0.09999999999999999,0.016666666666666666
Peanut,0.10833333333333334,0.03333333333333333,0.17500000000000002,0.016666666666666666
Sesame,0.024999999999999998,0.008333333333333333,0.049999999999999996,0.0
