,no anxiety,anxiety
no anxiety,0.43058823529411766,0.2
anxiety,0.23058823529411765,0.1388235294117647
acc,0.5694117647058824,
