,Milk,Tree_nut,Peanut,Sesame
Milk,0.19166666666666662,0.024999999999999994,0.04166666666666666,0.008333333333333333
Tree_nut,0.04999999999999999,0.05833333333333332,0.04999999999999999,0.016666666666666666
Peanut,0.06666666666666667,0.09999999999999998,0.13333333333333333,0.03333333333333333
Sesame,0.04166666666666666,0.03333333333333333,0.08333333333333331,0.06666666666666667
