,Healthy,Allergic
Healthy,0.14545454545454548,0.04090909090909091
Allergic,0.1318181818181818,0.6818181818181818
acc,0.8272727272727273,
