,Healthy,Allergic
Healthy,0.3747252747252747,0.21868131868131865
Allergic,0.13846153846153847,0.2681318681318681
acc,0.6428571428571428,
