,Healthy,Allergic
Healthy,0.3714285714285714,0.22197802197802197
Allergic,0.13516483516483518,0.2714285714285714
acc,0.6428571428571428,
