,Healthy,Allergic
Healthy,0.35714285714285715,0.23626373626373626
Allergic,0.13736263736263737,0.2692307692307692
acc,0.6263736263736264,
