KERNEL,GAMMA,C,TRAIN-AUC,TRAIN-ACC,TEST-AUC,TEST-ACC
linear,0.01,auto,0.5740859204119941,0.5506367495451789,0.38711072664359863,0.4352941176470589
