,Healthy,Allergic
Healthy,0.15454545454545454,0.07272727272727274
Allergic,0.13636363636363635,0.6363636363636364
acc,0.7909090909090909,
