,no anxiety,anxiety
no anxiety,0.44705882352941173,0.43058823529411766
anxiety,0.054117647058823534,0.06823529411764706
acc,0.5152941176470588,
