,no anxiety,anxiety
no anxiety,0.548235294117647,0.32705882352941174
anxiety,0.06823529411764706,0.05647058823529412
acc,0.6047058823529412,
