,no anxiety,anxiety
no anxiety,0.4635294117647058,0.4329411764705882
anxiety,0.03764705882352941,0.06588235294117646
acc,0.5294117647058822,
