,no anxiety,anxiety
no anxiety,0.31058823529411766,0.3552941176470588
anxiety,0.19529411764705884,0.1388235294117647
acc,0.4494117647058824,
