,Healthy,Allergic
Healthy,0.3626373626373626,0.23076923076923078
Allergic,0.12747252747252746,0.27912087912087913
acc,0.6417582417582417,
