,no anxiety,anxiety
no anxiety,0.39529411764705885,0.49411764705882355
anxiety,0.07529411764705882,0.03529411764705882
acc,0.43058823529411766,
