,Healthy,Allergic
Healthy,0.3956043956043956,0.1978021978021978
Allergic,0.16483516483516483,0.24175824175824176
acc,0.6373626373626373,
