,no anxiety,anxiety
no anxiety,0.3129411764705882,0.3341176470588236
anxiety,0.12470588235294118,0.22823529411764706
acc,0.5411764705882353,
