,no internalizing disorder,internalizing disorder
no internalizing disorder,0.4004524886877828,0.2828054298642534
internalizing disorder,0.1493212669683258,0.167420814479638
acc,0.5678733031674208,
