,Healthy,Allergic
Healthy,0.3824175824175824,0.210989010989011
Allergic,0.14175824175824175,0.26483516483516484
acc,0.6472527472527472,
