,Healthy,Allergic
Healthy,0.16818181818181818,0.05
Allergic,0.17272727272727273,0.6090909090909091
acc,0.7772727272727273,
