,Healthy,Allergic
Healthy,0.1586206896551724,0.07241379310344828
Allergic,0.20344827586206898,0.5655172413793103
acc,0.7241379310344827,
