,no anxiety,anxiety
no anxiety,0.3505882352941177,0.28
anxiety,0.13647058823529412,0.23294117647058823
acc,0.583529411764706,
