,no anxiety,anxiety
no anxiety,0.27764705882352936,0.38823529411764696
anxiety,0.14352941176470588,0.19058823529411761
acc,0.46823529411764697,
