,Healthy,Allergic
Healthy,0.09310344827586207,0.07241379310344828
Allergic,0.1793103448275862,0.6551724137931034
acc,0.7482758620689655,
