,Healthy,Allergic
Healthy,0.36153846153846153,0.23186813186813188
Allergic,0.13186813186813187,0.27472527472527475
acc,0.6362637362637362,
