,no anxiety,anxiety
no anxiety,0.6588235294117646,0.23294117647058823
anxiety,0.06823529411764706,0.04
acc,0.6988235294117646,
