,Milk,Tree_nut,Peanut,Sesame
Milk,0.2,0.025,0.04166666666666667,0.025
Tree_nut,0.1,0.06666666666666668,0.04166666666666667,0.025
Peanut,0.08333333333333334,0.1,0.12500000000000003,0.07500000000000001
Sesame,0.04166666666666667,0.025,0.01666666666666667,0.008333333333333335
