,Healthy,Allergic
Healthy,0.378021978021978,0.2153846153846154
Allergic,0.14505494505494504,0.26153846153846155
acc,0.6395604395604395,
