,Healthy,Allergic
Healthy,0.3868131868131868,0.2065934065934066
Allergic,0.13186813186813187,0.27472527472527475
acc,0.6615384615384616,
