,no anxiety,anxiety
no anxiety,0.3176470588235294,0.3105882352941176
anxiety,0.14588235294117644,0.22588235294117645
acc,0.5435294117647058,
