,No Response,Response
No Response,0.3349397590361446,0.24819277108433738
Response,0.15180722891566265,0.26506024096385544
acc,0.6000000000000001,
