,no internalizing disorder,internalizing disorder
no internalizing disorder,0.19230769230769232,0.29185520361990946
internalizing disorder,0.27828054298642535,0.23755656108597287
acc,0.4298642533936652,
