,Healthy,Allergic
Healthy,0.11379310344827585,0.04827586206896552
Allergic,0.14482758620689656,0.6931034482758621
acc,0.806896551724138,
