,Healthy,Allergic
Healthy,0.36043956043956044,0.23296703296703297
Allergic,0.13406593406593406,0.27252747252747256
acc,0.6329670329670329,
