,No Response,Response
No Response,0.32976190476190476,0.25357142857142856
Response,0.10952380952380951,0.30714285714285716
acc,0.6369047619047619,
