,Milk,Tree_nut,Peanut,Sesame
Milk,0.21125,0.042499999999999996,0.05125,0.00125
Tree_nut,0.058750000000000004,0.125,0.052500000000000005,0.013750000000000002
Peanut,0.06875,0.03,0.1625,0.013750000000000002
Sesame,0.05125,0.017499999999999998,0.08,0.02
