,no anxiety,anxiety
no anxiety,0.34823529411764703,0.2917647058823529
anxiety,0.1670588235294118,0.19294117647058823
acc,0.5411764705882353,
