,no anxiety,anxiety
no anxiety,0.40705882352941175,0.20470588235294115
anxiety,0.2988235294117647,0.08941176470588236
acc,0.4964705882352941,
