,no anxiety,anxiety
no anxiety,0.2564705882352941,0.40470588235294114
anxiety,0.13647058823529412,0.20235294117647057
acc,0.4588235294117647,
