,no anxiety,anxiety
no anxiety,0.45411764705882357,0.43529411764705883
anxiety,0.07764705882352942,0.03294117647058823
acc,0.4870588235294118,
