,Healthy,Allergic
Healthy,0.36483516483516487,0.2285714285714286
Allergic,0.15054945054945054,0.2560439560439561
acc,0.6208791208791209,
