,No Response,Response
No Response,0.3333333333333333,0.20833333333333334
Response,0.13095238095238096,0.3273809523809524
acc,0.6607142857142857,
