,Healthy,Allergic
Healthy,0.3549450549450549,0.23846153846153845
Allergic,0.13956043956043956,0.26703296703296703
acc,0.621978021978022,
