,no anxiety,anxiety
no anxiety,0.32235294117647056,0.3505882352941177
anxiety,0.08705882352941176,0.24
acc,0.5623529411764705,
