,no anxiety,anxiety
no anxiety,0.46352941176470586,0.4447058823529412
anxiety,0.06588235294117646,0.02588235294117647
acc,0.4894117647058823,
