,no anxiety,anxiety
no anxiety,0.23058823529411762,0.4447058823529411
anxiety,0.18117647058823527,0.14352941176470588
acc,0.3741176470588235,
