,Milk,Tree_nut,Peanut,Sesame
Milk,0.125,0.049999999999999996,0.03333333333333333,0.016666666666666666
Tree_nut,0.05833333333333333,0.09166666666666667,0.09999999999999999,0.041666666666666664
Peanut,0.049999999999999996,0.041666666666666664,0.17500000000000002,0.05833333333333333
Sesame,0.03333333333333333,0.024999999999999998,0.049999999999999996,0.049999999999999996
