,Healthy,Allergic
Healthy,0.13448275862068965,0.06896551724137931
Allergic,0.1896551724137931,0.606896551724138
acc,0.7413793103448276,
