,Healthy,Allergic
Healthy,0.3714285714285714,0.22197802197802197
Allergic,0.13186813186813187,0.27472527472527475
acc,0.6461538461538461,
