bacteria,rhos
f__Peptostreptococcaceae,-0.13478511759815084
g__Megasphaera,-0.10886929641747274
g__Proteus,0.09078704134013643
f__Rs-045,0.09492761385200385
