,no internalizing disorder,internalizing disorder
no internalizing disorder,0.3891402714932127,0.26244343891402716
internalizing disorder,0.13574660633484162,0.21266968325791855
acc,0.6018099547511312,
