,Healthy,Allergic
Healthy,0.3758241758241759,0.2175824175824176
Allergic,0.14505494505494504,0.26153846153846155
acc,0.6373626373626374,
