,no anxiety,anxiety
no anxiety,0.37411764705882355,0.5152941176470588
anxiety,0.04,0.07058823529411765
acc,0.4447058823529412,
