,no anxiety,anxiety
no anxiety,0.5647058823529412,0.3458823529411765
anxiety,0.049411764705882356,0.04
acc,0.6047058823529412,
