,no anxiety,anxiety
no anxiety,0.18823529411764706,0.48
anxiety,0.16470588235294115,0.1670588235294118
acc,0.35529411764705887,
