,no anxiety,anxiety
no anxiety,0.26352941176470585,0.3388235294117647
anxiety,0.09411764705882353,0.3035294117647059
acc,0.5670588235294117,
