,no anxiety,anxiety
no anxiety,0.27294117647058824,0.3670588235294117
anxiety,0.22117647058823528,0.1388235294117647
acc,0.4117647058823529,
