,no anxiety,anxiety
no anxiety,0.3364705882352942,0.30352941176470594
anxiety,0.2635294117647059,0.09647058823529413
acc,0.43294117647058833,
