bacteria,rhos
g__Bilophila,-0.30480852303194356
g__Dialister,0.3853995937991292
g__Proteus,0.39870422445805936
