,Healthy,Allergic
Healthy,0.3824175824175824,0.210989010989011
Allergic,0.1054945054945055,0.3010989010989011
acc,0.6835164835164835,
