,Allergic,Healthy
Allergic,0.7472527472527473,0.17912087912087912
Healthy,0.02197802197802198,0.05164835164835165
acc,0.798901098901099,
