bacteria,rhos
g__Blautia,-2.759293470975009
g__Alistipes,-2.3467314582026275
g__Scardovia,0.7728048832278285
c__TM7-3,0.7772838701122488
