,no anxiety,anxiety
no anxiety,0.32235294117647056,0.3505882352941177
anxiety,0.20705882352941177,0.12
acc,0.44235294117647056,
