,no anxiety,anxiety
no anxiety,0.22398190045248867,0.25339366515837103
anxiety,0.26244343891402716,0.26018099547511314
acc,0.4841628959276018,
