,no anxiety,anxiety
no anxiety,0.508235294117647,0.3811764705882353
anxiety,0.05176470588235294,0.05882352941176471
acc,0.5670588235294117,
