,Healthy,Allergic
Healthy,0.13448275862068965,0.07241379310344828
Allergic,0.13793103448275862,0.6551724137931034
acc,0.789655172413793,
