,no anxiety,anxiety
no anxiety,0.2988235294117647,0.3411764705882353
anxiety,0.23058823529411765,0.12941176470588237
acc,0.42823529411764705,
