,no anxiety,anxiety
no anxiety,0.27294117647058824,0.411764705882353
anxiety,0.19294117647058823,0.12235294117647058
acc,0.3952941176470588,
