,Healthy,Allergic
Healthy,0.378021978021978,0.2153846153846154
Allergic,0.14835164835164835,0.25824175824175827
acc,0.6362637362637362,
