,no anxiety,anxiety
no anxiety,0.22823529411764706,0.388235294117647
anxiety,0.07529411764705882,0.30823529411764705
acc,0.5364705882352941,
