,No Response,Response
No Response,0.3253012048192771,0.24096385542168675
Response,0.15180722891566265,0.2819277108433735
acc,0.6072289156626506,
