bacteria,rhos
g__Catonella,-0.3678824138794625
g__Blautia,-0.3037804487819647
f__Lachnospiraceae,0.23905113919720483
g__Peptoniphilus,0.24114458747251966
