,Healthy,Allergic
Healthy,0.3714285714285714,0.22197802197802197
Allergic,0.14065934065934066,0.26593406593406593
acc,0.6373626373626373,
