,Healthy,Allergic
Healthy,0.12413793103448276,0.08275862068965517
Allergic,0.20344827586206898,0.5896551724137932
acc,0.713793103448276,
