,Healthy,Allergic
Healthy,0.35604395604395606,0.23736263736263738
Allergic,0.13076923076923078,0.27582417582417584
acc,0.6318681318681318,
