,no internalizing disorder,internalizing disorder
no internalizing disorder,0.4072398190045249,0.2579185520361991
internalizing disorder,0.14027149321266968,0.19457013574660634
acc,0.6018099547511312,
