,child,mother
child,0.3687782805429864,0.13800904977375567
mother,0.17194570135746606,0.3212669683257919
acc,0.6900452488687783,
