,no anxiety,anxiety
no anxiety,0.30823529411764705,0.36470588235294116
anxiety,0.13176470588235292,0.19529411764705884
acc,0.5035294117647059,
