,no anxiety,anxiety
no anxiety,0.47294117647058825,0.44235294117647056
anxiety,0.042352941176470586,0.042352941176470586
acc,0.5152941176470588,
