,no anxiety,anxiety
no anxiety,0.6658823529411765,0.22352941176470587
anxiety,0.06588235294117646,0.04470588235294118
acc,0.7105882352941176,
