,Healthy,Allergic
Healthy,0.11363636363636363,0.06363636363636363
Allergic,0.17272727272727273,0.65
acc,0.7636363636363637,
