,Healthy,Allergic
Healthy,0.37032967032967035,0.2230769230769231
Allergic,0.12087912087912088,0.2857142857142857
acc,0.656043956043956,
