,Healthy,Allergic
Healthy,0.13636363636363635,0.04090909090909091
Allergic,0.1590909090909091,0.6636363636363636
acc,0.7999999999999999,
