,Allergic,Healthy
Allergic,0.732967032967033,0.2010989010989011
Healthy,0.017582417582417582,0.04835164835164835
acc,0.7813186813186814,
