,Healthy,Allergic
Healthy,0.18636363636363634,0.031818181818181815
Allergic,0.11818181818181818,0.6636363636363636
acc,0.8499999999999999,
