,Healthy,Allergic
Healthy,0.3945054945054945,0.19890109890109892
Allergic,0.15604395604395604,0.25054945054945055
acc,0.645054945054945,
