,Healthy,Allergic
Healthy,0.3747252747252747,0.21868131868131865
Allergic,0.13516483516483518,0.2714285714285714
acc,0.6461538461538461,
