,Healthy,Allergic
Healthy,0.36483516483516487,0.2285714285714286
Allergic,0.13516483516483518,0.2714285714285714
acc,0.6362637362637362,
