,Healthy,Allergic
Healthy,0.15454545454545454,0.045454545454545456
Allergic,0.1590909090909091,0.6409090909090909
acc,0.7954545454545454,
