,child,mother
child,0.3552036199095022,0.14027149321266968
mother,0.16289592760180996,0.3416289592760181
acc,0.6968325791855203,
