,Healthy,Allergic
Healthy,0.38791208791208787,0.20549450549450549
Allergic,0.13516483516483518,0.2714285714285714
acc,0.6593406593406592,
