,Healthy,Allergic
Healthy,0.36813186813186816,0.22527472527472528
Allergic,0.14285714285714285,0.26373626373626374
acc,0.6318681318681318,
