,Healthy,Allergic
Healthy,0.3505494505494505,0.24285714285714288
Allergic,0.13406593406593406,0.27252747252747256
acc,0.6230769230769231,
