,no anxiety,anxiety
no anxiety,0.3223529411764705,0.30588235294117644
anxiety,0.26352941176470585,0.10823529411764705
acc,0.43058823529411755,
