,no anxiety,anxiety
no anxiety,0.2823529411764706,0.3670588235294117
anxiety,0.10588235294117647,0.24470588235294116
acc,0.5270588235294118,
