,Healthy,Allergic
Healthy,0.3582417582417582,0.24505494505494502
Allergic,0.13626373626373625,0.2604395604395604
acc,0.6186813186813186,
