,No Response,Response
No Response,0.33809523809523806,0.21785714285714286
Response,0.14761904761904762,0.29642857142857143
acc,0.6345238095238095,
