,no internalizing disorder,internalizing disorder
no internalizing disorder,0.414027149321267,0.2692307692307692
internalizing disorder,0.14027149321266968,0.1764705882352941
acc,0.5904977375565611,
