,Healthy,Allergic
Healthy,0.13103448275862067,0.06896551724137931
Allergic,0.23448275862068965,0.5655172413793103
acc,0.6965517241379309,
