,no anxiety,anxiety
no anxiety,0.2917647058823529,0.3835294117647059
anxiety,0.08705882352941176,0.23764705882352943
acc,0.5294117647058824,
