,No,Yes
No,0.30357142857142855,0.2928571428571428
Yes,0.10714285714285714,0.29642857142857143
acc,0.6,
