,Milk,Tree_nut,Peanut,Sesame
Milk,0.21000000000000005,0.03875000000000001,0.051250000000000004,0.006250000000000001
Tree_nut,0.08750000000000002,0.09250000000000003,0.06000000000000001,0.010000000000000002
Peanut,0.09000000000000002,0.030000000000000006,0.15000000000000002,0.005000000000000001
Sesame,0.06000000000000001,0.016250000000000004,0.06375,0.02875
