,No,Yes
No,0.3420118343195266,0.2201183431952663
Yes,0.14792899408284024,0.28994082840236685
acc,0.6319526627218934,
