,no anxiety,anxiety
no anxiety,0.24470588235294116,0.3764705882352941
anxiety,0.09647058823529411,0.2823529411764706
acc,0.5270588235294118,
