,no anxiety,anxiety
no anxiety,0.29647058823529415,0.35294117647058826
anxiety,0.23294117647058823,0.11764705882352942
acc,0.4141176470588236,
