bacteria,rhos
g__Catonella,-0.0767908461907888
g__[Prevotella],-0.05683631018742691
g__Sphingomonas,0.043598835761167014
g__Peptoniphilus,0.051216772710728914
