,Milk,Tree_nut,Peanut,Sesame
Milk,0.18249999999999997,0.059999999999999984,0.053749999999999985,0.016249999999999997
Tree_nut,0.04124999999999999,0.14624999999999996,0.03624999999999999,0.03499999999999999
Peanut,0.07125,0.05249999999999999,0.10749999999999997,0.04874999999999999
Sesame,0.027499999999999997,0.013749999999999998,0.05249999999999999,0.05499999999999999
