,Healthy,Allergic
Healthy,0.378021978021978,0.2153846153846154
Allergic,0.13186813186813187,0.27472527472527475
acc,0.6527472527472528,
