,Healthy,Allergic
Healthy,0.38021978021978026,0.21318681318681318
Allergic,0.12527472527472527,0.2813186813186813
acc,0.6615384615384616,
