,Healthy,Allergic
Healthy,0.1482758620689655,0.07586206896551725
Allergic,0.14137931034482756,0.6344827586206896
acc,0.7827586206896551,
