,no anxiety,anxiety
no anxiety,0.28470588235294114,0.371764705882353
anxiety,0.20235294117647057,0.1411764705882353
acc,0.42588235294117643,
