,child,mother
child,0.3529411764705882,0.1425339366515837
mother,0.1900452488687783,0.31447963800904977
acc,0.667420814479638,
