bacteria,rhos
f__Enterobacteriaceae,-0.06988075361277761
g__Catonella,-0.06892333680082545
f__Rs-045,0.08168292137764385
g__Scardovia,0.0917069293936764
