,no anxiety,anxiety
no anxiety,0.42352941176470593,0.4847058823529412
anxiety,0.044705882352941186,0.04705882352941177
acc,0.4705882352941177,
