,no anxiety,anxiety
no anxiety,0.3317647058823529,0.31999999999999995
anxiety,0.11999999999999998,0.22823529411764704
acc,0.5599999999999999,
