,control,exposed
control,0.1900452488687783,0.18099547511312217
exposed,0.2556561085972851,0.37330316742081443
acc,0.5633484162895928,
