,Healthy,Allergic
Healthy,0.1793103448275862,0.07241379310344828
Allergic,0.13103448275862067,0.6172413793103447
acc,0.796551724137931,
