,Healthy,Allergic
Healthy,0.389010989010989,0.20439560439560442
Allergic,0.14835164835164835,0.25824175824175827
acc,0.6472527472527473,
