,no anxiety,anxiety
no anxiety,0.26588235294117646,0.4
anxiety,0.13411764705882354,0.2
acc,0.46588235294117647,
