bacteria,rhos
g__Catonella,-0.15921296344016228
f__Ruminococcaceae,0.18225322857254145
f__Lachnospiraceae,0.22076510897023022
