,Healthy,Allergic
Healthy,0.12727272727272726,0.07272727272727274
Allergic,0.16363636363636364,0.6363636363636364
acc,0.7636363636363637,
