,Healthy,Allergic
Healthy,0.38021978021978026,0.21318681318681318
Allergic,0.14945054945054945,0.2571428571428571
acc,0.6373626373626373,
