,no anxiety,anxiety
no anxiety,0.2894117647058824,0.36705882352941177
anxiety,0.12941176470588237,0.21411764705882355
acc,0.503529411764706,
