,Healthy,Allergic
Healthy,0.13448275862068965,0.041379310344827586
Allergic,0.18620689655172415,0.6379310344827587
acc,0.7724137931034483,
