,no anxiety,anxiety
no anxiety,0.26352941176470585,0.4023529411764706
anxiety,0.13176470588235292,0.20235294117647057
acc,0.4658823529411764,
