,no anxiety,anxiety
no anxiety,0.4282352941176471,0.4682352941176471
anxiety,0.0611764705882353,0.04235294117647059
acc,0.4705882352941177,
