,no anxiety,anxiety
no anxiety,0.28941176470588237,0.3129411764705882
anxiety,0.14588235294117646,0.25176470588235295
acc,0.5411764705882354,
