,no anxiety,anxiety
no anxiety,0.29411764705882354,0.3458823529411765
anxiety,0.14588235294117646,0.21411764705882352
acc,0.5082352941176471,
