,no anxiety,anxiety
no anxiety,0.39294117647058824,0.22352941176470587
anxiety,0.2988235294117647,0.08470588235294117
acc,0.4776470588235294,
