,no anxiety,anxiety
no anxiety,0.508235294117647,0.3788235294117647
anxiety,0.08,0.03294117647058823
acc,0.5411764705882353,
