,no anxiety,anxiety
no anxiety,0.4094117647058823,0.21882352941176472
anxiety,0.28705882352941176,0.08470588235294117
acc,0.4941176470588235,
