bacteria,rhos
f__[Tissierellaceae],-0.4751195114634633
f__p-2534-18B5,-0.4751195114634617
c__Alphaproteobacteria,0.5317736445150725
o__HA64,0.5317736445150725
