,Healthy,Allergic
Healthy,0.12272727272727274,0.06818181818181818
Allergic,0.1409090909090909,0.6681818181818181
acc,0.7909090909090908,
