,no anxiety,anxiety
no anxiety,0.22352941176470587,0.39294117647058824
anxiety,0.07058823529411765,0.3129411764705882
acc,0.536470588235294,
