,Healthy,Allergic
Healthy,0.14482758620689656,0.05862068965517241
Allergic,0.16551724137931034,0.6310344827586207
acc,0.7758620689655173,
