,Healthy,Allergic
Healthy,0.3945054945054945,0.19890109890109892
Allergic,0.11978021978021978,0.28681318681318685
acc,0.6813186813186813,
