,no anxiety,anxiety
no anxiety,0.4094117647058823,0.4988235294117647
anxiety,0.06117647058823529,0.030588235294117645
acc,0.43999999999999995,
