bacteria,rhos
g__Veillonella,-0.063450512464377
g__Megasphaera,-0.060381568911084246
o__Bacteroidales,0.043275762022386255
f__Rs-045,0.04444024773448886
