,Healthy,Allergic
Healthy,0.3824175824175824,0.210989010989011
Allergic,0.12527472527472527,0.2813186813186813
acc,0.6637362637362637,
