,Milk,Tree_nut,Peanut,Sesame
Milk,0.17625,0.07375000000000001,0.052500000000000005,0.01875
Tree_nut,0.04,0.1275,0.02375,0.0375
Peanut,0.06875,0.065,0.10124999999999999,0.045
Sesame,0.03875,0.02375,0.04,0.0675
