bacteria,rhos
k__Bacteria,-0.5173548137612763
c__Alphaproteobacteria,0.6607432067842811
