,no anxiety,anxiety
no anxiety,0.30823529411764705,0.36470588235294116
anxiety,0.11058823529411764,0.21647058823529414
acc,0.5247058823529411,
