,no anxiety,anxiety
no anxiety,0.26823529411764707,0.3811764705882353
anxiety,0.23058823529411765,0.12
acc,0.38823529411764707,
