,Healthy,Allergic
Healthy,0.3769230769230769,0.21648351648351646
Allergic,0.14285714285714285,0.26373626373626374
acc,0.6406593406593406,
