bacteria,rhos
g__Bilophila,-0.49990189207245744
g__Alloiococcus,-0.29738955925686794
g__Proteus,0.5616945121852488
g__Dialister,0.6527812597383635
