,no anxiety,anxiety
no anxiety,0.27058823529411763,0.32
anxiety,0.12705882352941175,0.2823529411764706
acc,0.5529411764705883,
