,no anxiety,anxiety
no anxiety,0.4023529411764706,0.5011764705882353
anxiety,0.06588235294117646,0.030588235294117645
acc,0.4329411764705882,
