bacteria,rhos
f__Veillonellaceae,-0.24944170546262157
f__Gemellaceae,0.19928701802605941
