,no anxiety,anxiety
no anxiety,0.30117647058823527,0.3835294117647059
anxiety,0.17411764705882352,0.1411764705882353
acc,0.44235294117647056,
