,no anxiety,anxiety
no anxiety,0.3764705882352941,0.5317647058823529
anxiety,0.03764705882352941,0.054117647058823534
acc,0.43058823529411766,
