,saliva,stool,meconium
1,0.08227,0.50435,0.02542
2,0.35719,0.00268,0.00067
3,0.01137,0.00134,0.0
4,0.01405,0.00067,0.0
