,GDM+,GDM-
1,0.48629,0.12575
2,0.28896,0.07157
3,0.01003,0.00268
4,0.01271,0.00201
