,1,2,postpartum,petus
1,0.29164,0.16923,0.12508,0.02609
2,0.17057,0.11773,0.07157,0.00067
3,0.00803,0.00401,0.00067,0.0
4,0.00936,0.00401,0.00134,0.0
