bacteria,rhos
k__Bacteria,-1.1191747289227623
c__Alphaproteobacteria,1.0648660747097194
