,no anxiety,anxiety
no anxiety,0.24705882352941178,0.4023529411764706
anxiety,0.1411764705882353,0.20941176470588235
acc,0.45647058823529413,
