,no anxiety,anxiety
no anxiety,0.6494117647058824,0.24235294117647058
anxiety,0.06352941176470588,0.04470588235294118
acc,0.6941176470588235,
