,Healthy,Allergic
Healthy,0.11724137931034483,0.05862068965517241
Allergic,0.2413793103448276,0.5827586206896551
acc,0.7,
