,Healthy,Allergic
Healthy,0.3945054945054945,0.19890109890109892
Allergic,0.13076923076923078,0.27582417582417584
acc,0.6703296703296704,
