,no internalizing disorder,internalizing disorder
no internalizing disorder,0.4117647058823529,0.27149321266968324
internalizing disorder,0.1425339366515837,0.17420814479638008
acc,0.585972850678733,
