bacteria,rhos
g__Lautropia,-0.013238001106645518
g__Catonella,-0.012691332392910745
g__Pseudoramibacter_Eubacterium,0.02152601591868629
g__Olsenella,0.03362443390763531
