bacteria,rhos
f__Veillonellaceae,-0.24967943229701534
f__Gemellaceae,0.1973420631999436
