,Healthy,Allergic
Healthy,0.36813186813186816,0.22527472527472528
Allergic,0.13076923076923078,0.27582417582417584
acc,0.643956043956044,
