,Allergic,Healthy
Allergic,0.7186813186813188,0.20439560439560442
Healthy,0.01868131868131868,0.05824175824175824
acc,0.776923076923077,
