,no anxiety,anxiety
no anxiety,0.28280542986425344,0.45475113122171956
anxiety,0.13122171945701358,0.13122171945701358
acc,0.41402714932126705,
