,no anxiety,anxiety
no anxiety,0.5670588235294118,0.3458823529411765
anxiety,0.04941176470588236,0.037647058823529415
acc,0.6047058823529412,
