bacteria,rhos
f__Neisseriaceae,-0.03483345138059746
g__Shuttleworthia,-0.034782652655652176
g__Mobiluncus,0.027644164118782164
g__Oribacterium,0.029351630505310623
