,no anxiety,anxiety
no anxiety,0.5364705882352943,0.3529411764705883
anxiety,0.05647058823529413,0.05411764705882354
acc,0.5905882352941177,
