,Healthy,Allergic
Healthy,0.37032967032967035,0.2230769230769231
Allergic,0.13956043956043956,0.26703296703296703
acc,0.6373626373626373,
