,Healthy,Allergic
Healthy,0.15517241379310345,0.06896551724137931
Allergic,0.17586206896551723,0.6
acc,0.7551724137931034,
