,Healthy,Allergic
Healthy,0.13103448275862067,0.04827586206896552
Allergic,0.26206896551724135,0.5586206896551724
acc,0.6896551724137931,
