,Healthy,Allergic
Healthy,0.3934065934065934,0.19999999999999998
Allergic,0.13186813186813187,0.27472527472527475
acc,0.6681318681318682,
