,Healthy,Allergic
Healthy,0.38021978021978026,0.21318681318681318
Allergic,0.13956043956043956,0.26703296703296703
acc,0.6472527472527473,
