,Milk,Tree_nut,Peanut,Sesame
Milk,0.15,0.03333333333333333,0.03333333333333333,0.03333333333333333
Tree_nut,0.08333333333333333,0.05833333333333333,0.041666666666666664,0.041666666666666664
Peanut,0.05833333333333333,0.10833333333333334,0.11666666666666665,0.03333333333333333
Sesame,0.041666666666666664,0.03333333333333333,0.09166666666666667,0.041666666666666664
