,no anxiety,anxiety
no anxiety,0.41647058823529415,0.49411764705882355
anxiety,0.07058823529411765,0.018823529411764704
acc,0.43529411764705883,
