,no anxiety,anxiety
no anxiety,0.34352941176470586,0.5505882352941177
anxiety,0.07058823529411765,0.03529411764705882
acc,0.37882352941176467,
