,Healthy,Allergic
Healthy,0.1482758620689655,0.06896551724137931
Allergic,0.14137931034482756,0.6413793103448276
acc,0.7896551724137931,
