,Healthy,Allergic
Healthy,0.3934065934065934,0.19999999999999998
Allergic,0.13296703296703297,0.2736263736263736
acc,0.667032967032967,
