,Healthy,Allergic
Healthy,0.12758620689655173,0.07241379310344828
Allergic,0.22413793103448276,0.5758620689655172
acc,0.7034482758620689,
