,no anxiety,anxiety
no anxiety,0.5105882352941177,0.3976470588235294
anxiety,0.047058823529411764,0.04470588235294118
acc,0.5552941176470588,
