,Healthy,Allergic
Healthy,0.3659340659340659,0.21978021978021978
Allergic,0.12087912087912088,0.2934065934065934
acc,0.6593406593406593,
