,no anxiety,anxiety
no anxiety,0.31999999999999995,0.3364705882352941
anxiety,0.10117647058823527,0.24235294117647055
acc,0.5623529411764705,
