,Healthy,Allergic
Healthy,0.15517241379310345,0.05172413793103448
Allergic,0.11724137931034483,0.6758620689655173
acc,0.8310344827586207,
