bacteria,rhos
f__F16,-0.7614449746439047
f__Oxalobacteraceae,1.1901642054942454
