bacteria,rhos
f__[Odoribacteraceae],-0.014219681512188857
f__Rs-045,0.018410856681927764
