,Milk,Tree_nut,Peanut,Sesame
Milk,0.21666666666666667,0.041666666666666664,0.08333333333333333,0.008333333333333333
Tree_nut,0.06666666666666667,0.06666666666666667,0.041666666666666664,0.024999999999999998
Peanut,0.08333333333333333,0.05833333333333333,0.075,0.049999999999999996
Sesame,0.06666666666666667,0.041666666666666664,0.06666666666666667,0.008333333333333333
