bacteria,rhos
f__Bdellovibrionaceae,-0.11443711114053699
f__Rs-045,0.12209955639690812
