,no anxiety,anxiety
no anxiety,0.44705882352941173,0.45647058823529413
anxiety,0.06352941176470588,0.03294117647058823
acc,0.48,
