,no anxiety,anxiety
no anxiety,0.571764705882353,0.3176470588235294
anxiety,0.07529411764705882,0.03529411764705882
acc,0.6070588235294118,
