,Healthy,Allergic
Healthy,0.3714285714285714,0.22197802197802197
Allergic,0.12747252747252746,0.27912087912087913
acc,0.6505494505494505,
