,Milk,Tree_nut,Peanut,Sesame
Milk,0.09166666666666669,0.05,0.05,0.01666666666666667
Tree_nut,0.11666666666666668,0.08333333333333334,0.06666666666666668,0.03333333333333334
Peanut,0.05,0.05,0.18333333333333338,0.04166666666666667
Sesame,0.04166666666666667,0.01666666666666667,0.05833333333333334,0.05
