,Healthy,Allergic
Healthy,0.1620689655172414,0.04482758620689655
Allergic,0.13793103448275862,0.6551724137931034
acc,0.8172413793103448,
