,Healthy,Allergic
Healthy,0.14482758620689656,0.04827586206896552
Allergic,0.1586206896551724,0.6482758620689656
acc,0.7931034482758621,
