,Healthy,Allergic
Healthy,0.3758241758241759,0.2175824175824176
Allergic,0.12747252747252746,0.27912087912087913
acc,0.6549450549450551,
