,no anxiety,anxiety
no anxiety,0.40470588235294114,0.4894117647058823
anxiety,0.03529411764705882,0.07058823529411765
acc,0.47529411764705876,
