,no anxiety,anxiety
no anxiety,0.45176470588235296,0.46352941176470586
anxiety,0.03294117647058823,0.05176470588235294
acc,0.5035294117647059,
