,no anxiety,anxiety
no anxiety,0.28235294117647064,0.3694117647058824
anxiety,0.21176470588235297,0.13647058823529412
acc,0.41882352941176476,
