,no anxiety,anxiety
no anxiety,0.5152941176470588,0.39294117647058824
anxiety,0.047058823529411764,0.04470588235294118
acc,0.5599999999999999,
