,No Response,Response
No Response,0.3325301204819277,0.23132530120481926
Response,0.14216867469879518,0.2939759036144578
acc,0.6265060240963856,
