bacteria,rhos
f__F16,-0.5904039695161926
f__Acholeplasmataceae,0.3974963546559748
