,no anxiety,anxiety
no anxiety,0.5529411764705884,0.34117647058823536
anxiety,0.05647058823529413,0.04941176470588236
acc,0.6023529411764708,
