,no anxiety,anxiety
no anxiety,0.6658823529411765,0.22352941176470587
anxiety,0.06823529411764706,0.042352941176470586
acc,0.7082352941176471,
