,no anxiety,anxiety
no anxiety,0.6425339366515838,0.31221719457013575
anxiety,0.03619909502262443,0.009049773755656108
acc,0.6515837104072398,
