bacteria,rhos
g__Blautia,-0.2819619737759414
g__Alistipes,-0.25084569826490155
f__Rs-045,0.17245822539711486
g__Scardovia,0.24059442944791615
