,no anxiety,anxiety
no anxiety,0.6329411764705882,0.24235294117647058
anxiety,0.09176470588235293,0.03294117647058823
acc,0.6658823529411765,
