,no anxiety,anxiety
no anxiety,0.2776470588235294,0.35294117647058826
anxiety,0.13176470588235292,0.23764705882352943
acc,0.5152941176470589,
