,no anxiety,anxiety
no anxiety,0.5105882352941176,0.37647058823529406
anxiety,0.061176470588235284,0.051764705882352935
acc,0.5623529411764705,
