bacteria,rhos
f__Veillonellaceae,-0.23862406427723623
f__Gemellaceae,0.18593625776133701
