,no anxiety,anxiety
no anxiety,0.29411764705882354,0.3341176470588236
anxiety,0.13411764705882354,0.23764705882352943
acc,0.5317647058823529,
