,Healthy,Allergic
Healthy,0.37032967032967035,0.2230769230769231
Allergic,0.13406593406593406,0.27252747252747256
acc,0.6428571428571429,
