,Healthy,Allergic
Healthy,0.36923076923076925,0.22417582417582416
Allergic,0.15384615384615385,0.25274725274725274
acc,0.621978021978022,
