,Healthy,Allergic
Healthy,0.3769230769230769,0.21648351648351646
Allergic,0.13516483516483518,0.2714285714285714
acc,0.6483516483516483,
