,no anxiety,anxiety
no anxiety,0.25882352941176473,0.3905882352941177
anxiety,0.19764705882352943,0.15294117647058825
acc,0.411764705882353,
