,no anxiety,anxiety
no anxiety,0.4917647058823529,0.3905882352941176
anxiety,0.08235294117647057,0.035294117647058816
acc,0.5270588235294117,
