,Healthy,Allergic
Healthy,0.3747252747252747,0.21868131868131865
Allergic,0.13956043956043956,0.26703296703296703
acc,0.6417582417582417,
