,Healthy,Allergic
Healthy,0.13636363636363635,0.06818181818181818
Allergic,0.19545454545454544,0.6
acc,0.7363636363636363,
