,no anxiety,anxiety
no anxiety,0.40705882352941175,0.4823529411764706
anxiety,0.049411764705882356,0.06117647058823529
acc,0.468235294117647,
