,Healthy,Allergic
Healthy,0.15,0.045454545454545456
Allergic,0.12272727272727274,0.6818181818181818
acc,0.8318181818181818,
