,Healthy,Allergic
Healthy,0.38571428571428573,0.20769230769230768
Allergic,0.16263736263736264,0.24395604395604395
acc,0.6296703296703297,
