,no anxiety,anxiety
no anxiety,0.3835294117647059,0.5247058823529411
anxiety,0.02823529411764706,0.06352941176470588
acc,0.4470588235294118,
