,no anxiety,anxiety
no anxiety,0.5552941176470588,0.32
anxiety,0.06823529411764706,0.05647058823529412
acc,0.611764705882353,
