,no anxiety,anxiety
no anxiety,0.56,0.3294117647058823
anxiety,0.08705882352941176,0.023529411764705882
acc,0.583529411764706,
