,no anxiety,anxiety
no anxiety,0.4635294117647059,0.4494117647058824
anxiety,0.05882352941176472,0.028235294117647063
acc,0.491764705882353,
