,no internalizing disorder,internalizing disorder
no internalizing disorder,0.3529411764705882,0.2828054298642534
internalizing disorder,0.1900452488687783,0.17420814479638008
acc,0.5271493212669682,
